core.externalId,core.name,core.description,Asset Type,HierarchicalPath,Created On,Created By,Modified On,Modified By,Identity,core.location,core.origin
BT-306,Asset Type,Classification of the asset based on its nature,com.infa.ccgf.models.governance.BusinessTerm,Asset/Asset Type,"Apr 23, 2025, 11:42:10 PM",manoj_GE,"May 01, 2025, 03:10:58 PM",manoj_GE,1bd26c34-4d21-4f8d-96c0-ac9b21869ba2,CDGC://c602bee1-ee44-4871-a74f-1dab25c23229/1bd26c34-4d21-4f8d-96c0-ac9b21869ba2,CDGC
SYS-9,ORACLE,,com.infa.ccgf.models.governance.System,ORACLE,"Dec 07, 2024, 03:51:08 AM",manoj_GE,"Dec 07, 2024, 03:51:08 AM",manoj_GE,6760a609-a6cc-42e3-9929-76bfc8caf109,CDGC://6760a609-a6cc-42e3-9929-76bfc8caf109,CDGC
BT-268,Customer Id,Unique identifier assigned to a customer,com.infa.ccgf.models.governance.BusinessTerm,Customer/Customer Id,"Apr 17, 2025, 07:57:09 PM",manoj_GE,"May 01, 2025, 03:12:09 PM",manoj_GE,7ef28a6a-c4cf-4cc5-b6ac-609d7fe8fe9f,CDGC://0de78700-07cd-47e0-a71a-65c3a24da16e/7ef28a6a-c4cf-4cc5-b6ac-609d7fe8fe9f,CDGC
BT-326,Customer Name,Full legal name of the customer (individual or organization).,com.infa.ccgf.models.governance.BusinessTerm,Customer/Customer Name,"Apr 23, 2025, 11:42:10 PM",manoj_GE,"May 01, 2025, 03:28:38 PM",manoj_GE,95cdff3d-8160-4b21-828f-059fa4c9b110,CDGC://0de78700-07cd-47e0-a71a-65c3a24da16e/95cdff3d-8160-4b21-828f-059fa4c9b110,CDGC
BT-349,Supplier Onboarding Date,Date when the supplier was officially registered or approved,com.infa.ccgf.models.governance.BusinessTerm,Supplier/Supplier Onboarding Date,"May 01, 2025, 02:53:19 PM",manoj_GE,"May 01, 2025, 02:53:24 PM",manoj_GE,c3972518-6b13-4dbd-8363-7bbdd32671f7,CDGC://11a09104-7489-402e-895d-53ed6a3abd97/c3972518-6b13-4dbd-8363-7bbdd32671f7,CDGC
BT-345,Supplier ID,Unique identifier assigned to each supplier.,com.infa.ccgf.models.governance.BusinessTerm,Supplier/Supplier ID,"May 01, 2025, 02:50:41 PM",manoj_GE,"May 01, 2025, 02:50:45 PM",manoj_GE,c5a04b46-dc66-40fe-a963-be9e6d67b85a,CDGC://11a09104-7489-402e-895d-53ed6a3abd97/c5a04b46-dc66-40fe-a963-be9e6d67b85a,CDGC
DS-13,Core,,com.infa.ccgf.models.governance.DataSet,ORACLE/Core,"Dec 07, 2024, 03:51:08 AM",manoj_GE,"Dec 07, 2024, 03:51:08 AM",manoj_GE,f1e10e4b-cbbd-4e05-90d7-4d007df6f310,CDGC://6760a609-a6cc-42e3-9929-76bfc8caf109/f1e10e4b-cbbd-4e05-90d7-4d007df6f310,CDGC
BT-229,Asset ID,Unique identifier assigned to each asset.,com.infa.ccgf.models.governance.BusinessTerm,Asset/Asset ID,"Apr 16, 2025, 10:04:46 AM",manoj_GE,"May 01, 2025, 03:10:09 PM",manoj_GE,1130d01e-e9ba-45e7-afaa-4fb0f933097f,CDGC://c602bee1-ee44-4871-a74f-1dab25c23229/1130d01e-e9ba-45e7-afaa-4fb0f933097f,CDGC
BT-217,Customer Status,Current status of the customer in the system,com.infa.ccgf.models.governance.BusinessTerm,Customer/Customer Status,"Mar 05, 2025, 03:38:29 PM",manoj_GE,"May 01, 2025, 03:13:05 PM",manoj_GE,134c3377-6fda-41d7-8138-6601e08c4fe0,CDGC://0de78700-07cd-47e0-a71a-65c3a24da16e/134c3377-6fda-41d7-8138-6601e08c4fe0,CDGC
BT-276,Asset Category,Broad grouping used for reporting and governance.,com.infa.ccgf.models.governance.BusinessTerm,Asset/Asset Category,"Apr 17, 2025, 07:57:09 PM",manoj_GE,"May 01, 2025, 03:09:20 PM",manoj_GE,5c9012ec-b2c9-4c82-a04e-cc6fcdeddba8,CDGC://c602bee1-ee44-4871-a74f-1dab25c23229/5c9012ec-b2c9-4c82-a04e-cc6fcdeddba8,CDGC
BT-200,Customer Address,Mailing or billing address associated with the customer.,com.infa.ccgf.models.governance.BusinessTerm,Customer/Customer Address,"Dec 07, 2024, 03:51:30 AM",manoj_GE,"May 01, 2025, 03:11:43 PM",manoj_GE,87de940d-b54b-42b8-ab19-6cf8afc6a91d,CDGC://0de78700-07cd-47e0-a71a-65c3a24da16e/87de940d-b54b-42b8-ab19-6cf8afc6a91d,CDGC
BT-348,Supplier Status,"Indicates whether the supplier is active, inactive, or under review.",com.infa.ccgf.models.governance.BusinessTerm,Supplier/Supplier Status,"May 01, 2025, 02:52:50 PM",manoj_GE,"May 01, 2025, 02:52:53 PM",manoj_GE,b08e13ab-29fe-4bec-8945-b77c43087e6b,CDGC://11a09104-7489-402e-895d-53ed6a3abd97/b08e13ab-29fe-4bec-8945-b77c43087e6b,CDGC
BT-346,Supplier Name,Legal or registered name of the supplier,com.infa.ccgf.models.governance.BusinessTerm,Supplier/Supplier Name,"May 01, 2025, 02:51:30 PM",manoj_GE,"May 01, 2025, 02:51:34 PM",manoj_GE,c37f5b86-a414-4c6a-8c5c-cbaf909c62d7,CDGC://11a09104-7489-402e-895d-53ed6a3abd97/c37f5b86-a414-4c6a-8c5c-cbaf909c62d7,CDGC
DOM-11,Supplier,All details of supplier data,com.infa.ccgf.models.governance.Domain,Supplier,"May 01, 2025, 02:48:25 PM",manoj_GE,"May 01, 2025, 02:48:29 PM",manoj_GE,11a09104-7489-402e-895d-53ed6a3abd97,CDGC://11a09104-7489-402e-895d-53ed6a3abd97,CDGC
BT-244,Asset Name,Descriptive or official name of the asset,com.infa.ccgf.models.governance.BusinessTerm,Asset/Asset Name,"Apr 16, 2025, 04:16:14 PM",manoj_GE,"May 01, 2025, 03:10:36 PM",manoj_GE,3572c56b-7570-46b5-bfb6-9212326933fa,CDGC://c602bee1-ee44-4871-a74f-1dab25c23229/3572c56b-7570-46b5-bfb6-9212326933fa,CDGC
BT-236,Customer Type,Classification of the customer.,com.infa.ccgf.models.governance.BusinessTerm,Customer/Customer Type,"Apr 16, 2025, 04:16:14 PM",manoj_GE,"May 01, 2025, 03:13:26 PM",manoj_GE,662224db-3827-4afd-b230-0d8ee3196367,CDGC://0de78700-07cd-47e0-a71a-65c3a24da16e/662224db-3827-4afd-b230-0d8ee3196367,CDGC
BT-347,Supplier Type,"Classification of the supplier based on business relationship (e.g., manufacturer, distributor)",com.infa.ccgf.models.governance.BusinessTerm,Supplier/Supplier Type,"May 01, 2025, 02:52:16 PM",manoj_GE,"May 01, 2025, 02:52:19 PM",manoj_GE,afe117e7-2159-45d0-b942-28e5ca835bdc,CDGC://11a09104-7489-402e-895d-53ed6a3abd97/afe117e7-2159-45d0-b942-28e5ca835bdc,CDGC
DQO-3,RO Customer Validity check,,com.infa.ccgf.models.governance.RuleInstance,Ora_test/xe/DEMO/IOB_CUSTOMERS/FIRSTNAME/RO Customer Validity check,"Dec 07, 2024, 03:53:34 AM",manoj_GE,"Jan 29, 2025, 07:17:50 AM",manoj_GE,ddf6c154-6dfd-4cbb-bd10-738de740a772,7f194812-5426-3b18-9c97-315f6b4d7dc1://7f194812-5426-3b18-9c97-315f6b4d7dc1/xe/DEMO/IOB_CUSTOMERS/FIRSTNAME/ddf6c154-6dfd-4cbb-bd10-738de740a772,7f194812-5426-3b18-9c97-315f6b4d7dc1
DOM-6,Customer,Customer Domain,com.infa.ccgf.models.governance.Domain,Customer,"Dec 07, 2024, 03:51:07 AM",manoj_GE,"May 01, 2025, 03:34:56 PM",manoj_GE,0de78700-07cd-47e0-a71a-65c3a24da16e,CDGC://0de78700-07cd-47e0-a71a-65c3a24da16e,CDGC
DOM-7,Asset,Asset domain,com.infa.ccgf.models.governance.Domain,Asset,"Jan 27, 2025, 09:45:10 AM",manoj_GE,"May 01, 2025, 02:11:42 PM",manoj_GE,c602bee1-ee44-4871-a74f-1dab25c23229,CDGC://c602bee1-ee44-4871-a74f-1dab25c23229,CDGC
DS-14,test,,com.infa.ccgf.models.governance.DataSet,ORACLE/test,"Apr 17, 2025, 01:11:18 PM",manoj_GE,"Apr 17, 2025, 01:11:18 PM",manoj_GE,cd5c49c0-4373-47ae-aaa7-28d7760a61a4,CDGC://6760a609-a6cc-42e3-9929-76bfc8caf109/cd5c49c0-4373-47ae-aaa7-28d7760a61a4,CDGC
